Repeat,VAR2,Point,CH1 Voltage,CH1 Current,CH1 Time
1,1,1,-4.99999E+000,-3.88170E-009,36.92800E-003
1,1,2,-4.98999E+000,-4.40150E-009,58.69500E-003
1,1,3,-4.98001E+000,-4.20350E-009,79.97700E-003
1,1,4,-4.97001E+000,-3.77920E-009,101.28100E-003
1,1,5,-4.95999E+000,-4.11830E-009,122.57100E-003
1,1,6,-4.95001E+000,-4.40670E-009,144.80100E-003
1,1,7,-4.94001E+000,-3.93050E-009,166.08300E-003
1,1,8,-4.92999E+000,-3.88850E-009,187.35300E-003
1,1,9,-4.91999E+000,-4.39280E-009,208.65600E-003
1,1,10,-4.91001E+000,-4.17970E-009,229.95000E-003
1,1,11,-4.90001E+000,-3.76240E-009,251.20700E-003
1,1,12,-4.88999E+000,-4.09760E-009,272.50700E-003
1,1,13,-4.88001E+000,-4.45810E-009,293.81900E-003
1,1,14,-4.87001E+000,-4.01820E-009,315.06800E-003
1,1,15,-4.85999E+000,-3.78130E-009,336.37400E-003
1,1,16,-4.84999E+000,-4.27600E-009,357.64500E-003
1,1,17,-4.84001E+000,-4.29420E-009,378.91500E-003
1,1,18,-4.83001E+000,-3.83360E-009,400.16700E-003
1,1,19,-4.81999E+000,-4.02670E-009,421.76800E-003
1,1,20,-4.81000E+000,-4.43940E-009,443.05000E-003
1,1,21,-4.80001E+000,-4.06730E-009,464.30300E-003
1,1,22,-4.79000E+000,-3.74100E-009,485.62000E-003
1,1,23,-4.77999E+000,-4.18740E-009,506.89100E-003
1,1,24,-4.77001E+000,-4.36380E-009,528.18000E-003
1,1,25,-4.76001E+000,-3.88720E-009,549.47400E-003
1,1,26,-4.75001E+000,-3.93260E-009,582.37800E-003
1,1,27,-4.73999E+000,-3.84850E-009,603.67800E-003
1,1,28,-4.72999E+000,-4.32970E-009,624.97400E-003
1,1,29,-4.72001E+000,-4.18550E-009,646.28000E-003
1,1,30,-4.71001E+000,-3.76090E-009,667.57300E-003
1,1,31,-4.69999E+000,-4.10550E-009,689.32500E-003
1,1,32,-4.69001E+000,-4.42560E-009,710.60400E-003
1,1,33,-4.68001E+000,-3.97640E-009,731.90800E-003
1,1,34,-4.66999E+000,-3.82050E-009,753.35000E-003
1,1,35,-4.65999E+000,-4.30900E-009,774.63900E-003
1,1,36,-4.65001E+000,-4.18020E-009,796.31900E-003
1,1,37,-4.64001E+000,-3.75100E-009,817.61000E-003
1,1,38,-4.62999E+000,-4.07040E-009,838.88000E-003
1,1,39,-4.62000E+000,-4.43490E-009,860.18200E-003
1,1,40,-4.61001E+000,-4.00000E-009,881.45200E-003
1,1,41,-4.59999E+000,-3.75040E-009,902.70200E-003
1,1,42,-4.58999E+000,-4.23740E-009,924.01800E-003
1,1,43,-4.58001E+000,-4.27870E-009,945.30300E-003
1,1,44,-4.57001E+000,-3.82560E-009,966.55900E-003
1,1,45,-4.55999E+000,-3.95160E-009,987.87000E-003
1,1,46,-4.55000E+000,-4.40520E-009,1.00920E+000
1,1,47,-4.54001E+000,-4.06780E-009,1.03049E+000
1,1,48,-4.53000E+000,-3.69640E-009,1.05173E+000
1,1,49,-4.51999E+000,-4.25260E-009,1.07412E+000
1,1,50,-4.50999E+000,-3.97890E-009,1.10482E+000
1,1,51,-4.50000E+000,-4.39540E-009,1.12612E+000
1,1,52,-4.49001E+000,-4.01250E-009,1.14742E+000
1,1,53,-4.48000E+000,-3.67610E-009,1.16873E+000
1,1,54,-4.46999E+000,-4.11700E-009,1.19003E+000
1,1,55,-4.46001E+000,-4.28090E-009,1.21134E+000
1,1,56,-4.45001E+000,-3.80120E-009,1.23259E+000
1,1,57,-4.43999E+000,-3.99690E-009,1.25562E+000
1,1,58,-4.43000E+000,-4.33150E-009,1.27691E+000
1,1,59,-4.42001E+000,-3.64010E-009,1.30080E+000
1,1,60,-4.40999E+000,-3.93590E-009,1.32206E+000
1,1,61,-4.40001E+000,-4.27690E-009,1.34379E+000
1,1,62,-4.39001E+000,-3.82290E-009,1.36508E+000
1,1,63,-4.37999E+000,-3.63830E-009,1.38639E+000
1,1,64,-4.36999E+000,-4.12840E-009,1.40769E+000
1,1,65,-4.36001E+000,-4.06790E-009,1.42895E+000
1,1,66,-4.35001E+000,-3.60880E-009,1.45025E+000
1,1,67,-4.33999E+000,-3.82850E-009,1.47153E+000
1,1,68,-4.33000E+000,-4.24250E-009,1.49283E+000
1,1,69,-4.32001E+000,-3.84770E-009,1.51408E+000
1,1,70,-4.31000E+000,-3.51780E-009,1.53538E+000
1,1,71,-4.29999E+000,-3.97250E-009,1.55665E+000
1,1,72,-4.29001E+000,-4.13110E-009,1.57791E+000
1,1,73,-4.28001E+000,-3.65370E-009,1.59919E+000
1,1,74,-4.27000E+000,-4.21960E-009,1.62691E+000
1,1,75,-4.26001E+000,-3.69430E-009,1.64820E+000
1,1,76,-4.24999E+000,-3.56500E-009,1.66951E+000
1,1,77,-4.23999E+000,-4.02920E-009,1.69083E+000
1,1,78,-4.23001E+000,-4.00090E-009,1.71212E+000
1,1,79,-4.22001E+000,-3.54120E-009,1.73341E+000
1,1,80,-4.20999E+000,-3.72740E-009,1.75469E+000
1,1,81,-4.20000E+000,-4.17880E-009,1.77597E+000
1,1,82,-4.19001E+000,-3.78530E-009,1.79726E+000
1,1,83,-4.18000E+000,-3.45590E-009,1.81852E+000
1,1,84,-4.16999E+000,-3.96360E-009,1.84028E+000
1,1,85,-4.16001E+000,-4.04520E-009,1.86157E+000
1,1,86,-4.15001E+000,-3.57260E-009,1.88288E+000
1,1,87,-4.13999E+000,-3.67840E-009,1.90424E+000
1,1,88,-4.13000E+000,-4.14770E-009,1.92554E+000
1,1,89,-4.12001E+000,-3.79980E-009,1.94686E+000
1,1,90,-4.11000E+000,-3.42130E-009,1.96808E+000
1,1,91,-4.09999E+000,-3.90410E-009,1.98971E+000
1,1,92,-4.09001E+000,-4.11130E-009,2.01102E+000
1,1,93,-4.08001E+000,-3.61840E-009,2.03232E+000
1,1,94,-4.06999E+000,-3.67900E-009,2.05407E+000
1,1,95,-4.05999E+000,-4.14270E-009,2.07536E+000
1,1,96,-4.05001E+000,-3.81540E-009,2.09666E+000
1,1,97,-4.04000E+000,-3.43390E-009,2.11797E+000
1,1,98,-4.03000E+000,-3.44810E-009,2.15149E+000
1,1,99,-4.01999E+000,-3.92860E-009,2.17279E+000
1,1,100,-4.01001E+000,-4.19090E-009,2.19449E+000
1,1,101,-4.00001E+000,-3.73260E-009,2.21580E+000
1,1,102,-3.98999E+000,-3.76950E-009,2.23709E+000
1,1,103,-3.97999E+000,-4.25450E-009,2.25837E+000
1,1,104,-3.97001E+000,-3.99900E-009,2.27966E+000
1,1,105,-3.96000E+000,-3.58210E-009,2.30153E+000
1,1,106,-3.94999E+000,-4.03390E-009,2.32290E+000
1,1,107,-3.94001E+000,-4.25430E-009,2.34416E+000
1,1,108,-3.93001E+000,-3.72780E-009,2.36585E+000
1,1,109,-3.91999E+000,-3.79770E-009,2.38725E+000
1,1,110,-3.90999E+000,-4.27090E-009,2.40850E+000
1,1,111,-3.90001E+000,-3.95020E-009,2.42980E+000
1,1,112,-3.89000E+000,-3.61810E-009,2.45111E+000
1,1,113,-3.87999E+000,-4.00850E-009,2.47236E+000
1,1,114,-3.87001E+000,-4.30060E-009,2.49366E+000
1,1,115,-3.86001E+000,-3.83840E-009,2.51497E+000
1,1,116,-3.84999E+000,-3.81840E-009,2.53717E+000
1,1,117,-3.83999E+000,-4.27560E-009,2.55851E+000
1,1,118,-3.83001E+000,-3.97680E-009,2.57979E+000
1,1,119,-3.82000E+000,-3.58430E-009,2.60109E+000
1,1,120,-3.80999E+000,-4.17710E-009,2.62409E+000
1,1,121,-3.80001E+000,-4.10320E-009,2.64539E+000
1,1,122,-3.78999E+000,-4.28020E-009,2.67508E+000
1,1,123,-3.78001E+000,-4.00620E-009,2.69640E+000
1,1,124,-3.77000E+000,-3.60450E-009,2.71768E+000
1,1,125,-3.76000E+000,-4.04670E-009,2.73933E+000
1,1,126,-3.75001E+000,-4.26390E-009,2.76062E+000
1,1,127,-3.74001E+000,-3.80660E-009,2.78192E+000
1,1,128,-3.72999E+000,-3.86710E-009,2.80407E+000
1,1,129,-3.72000E+000,-4.28470E-009,2.82535E+000
1,1,130,-3.71001E+000,-3.96160E-009,2.84665E+000
1,1,131,-3.70000E+000,-3.61180E-009,2.86794E+000
1,1,132,-3.68999E+000,-4.03350E-009,2.88920E+000
1,1,133,-3.68001E+000,-4.23640E-009,2.91052E+000
1,1,134,-3.67001E+000,-3.81230E-009,2.93180E+000
1,1,135,-3.65999E+000,-3.75960E-009,2.95306E+000
1,1,136,-3.64999E+000,-4.19410E-009,2.97436E+000
1,1,137,-3.64001E+000,-4.05500E-009,2.99567E+000
1,1,138,-3.63001E+000,-3.67710E-009,3.01697E+000
1,1,139,-3.61999E+000,-3.96020E-009,3.03827E+000
1,1,140,-3.61000E+000,-4.29400E-009,3.05958E+000
1,1,141,-3.60001E+000,-3.86960E-009,3.08133E+000
1,1,142,-3.58999E+000,-3.72090E-009,3.10264E+000
1,1,143,-3.57999E+000,-4.14780E-009,3.12390E+000
1,1,144,-3.57001E+000,-4.06890E-009,3.14518E+000
1,1,145,-3.56001E+000,-3.65940E-009,3.16648E+000
1,1,146,-3.55001E+000,-3.87510E-009,3.19735E+000
1,1,147,-3.54000E+000,-3.69310E-009,3.21866E+000
1,1,148,-3.52999E+000,-4.18190E-009,3.24024E+000
1,1,149,-3.52001E+000,-4.17190E-009,3.26155E+000
1,1,150,-3.51001E+000,-3.73380E-009,3.28294E+000
1,1,151,-3.49999E+000,-3.92620E-009,3.30424E+000
1,1,152,-3.49000E+000,-4.34020E-009,3.32551E+000
1,1,153,-3.48001E+000,-4.00340E-009,3.34676E+000
1,1,154,-3.47000E+000,-3.69770E-009,3.36804E+000
1,1,155,-3.45999E+000,-4.10780E-009,3.38934E+000
1,1,156,-3.45001E+000,-4.26970E-009,3.41064E+000
1,1,157,-3.44001E+000,-3.81790E-009,3.43192E+000
1,1,158,-3.42999E+000,-3.80690E-009,3.45320E+000
1,1,159,-3.41999E+000,-4.25720E-009,3.47453E+000
1,1,160,-3.41001E+000,-4.05720E-009,3.49586E+000
1,1,161,-3.40001E+000,-3.64780E-009,3.51715E+000
1,1,162,-3.38999E+000,-3.96690E-009,3.53844E+000
1,1,163,-3.38000E+000,-4.27600E-009,3.55971E+000
1,1,164,-3.37001E+000,-3.79480E-009,3.58123E+000
1,1,165,-3.35999E+000,-3.64740E-009,3.60251E+000
1,1,166,-3.34999E+000,-4.09480E-009,3.62381E+000
1,1,167,-3.34002E+000,-4.05420E-009,3.64512E+000
1,1,168,-3.33001E+000,-3.65240E-009,3.66638E+000
1,1,169,-3.31999E+000,-3.87340E-009,3.68767E+000
1,1,170,-3.31000E+000,-3.93240E-009,3.72207E+000
1,1,171,-3.30001E+000,-4.16920E-009,3.74335E+000
1,1,172,-3.29001E+000,-3.78730E-009,3.76537E+000
1,1,173,-3.27999E+000,-3.85800E-009,3.78669E+000
1,1,174,-3.26999E+000,-4.30730E-009,3.80799E+000
1,1,175,-3.26001E+000,-3.92510E-009,3.83103E+000
1,1,176,-3.24999E+000,-3.74500E-009,3.85234E+000
1,1,177,-3.23999E+000,-4.19740E-009,3.87375E+000
1,1,178,-3.23001E+000,-4.14420E-009,3.89505E+000
1,1,179,-3.22001E+000,-3.72490E-009,3.91635E+000
1,1,180,-3.20999E+000,-3.94810E-009,3.93766E+000
1,1,181,-3.20000E+000,-4.32130E-009,3.95894E+000
1,1,182,-3.19001E+000,-3.95570E-009,3.98025E+000
1,1,183,-3.18000E+000,-3.70930E-009,4.00153E+000
1,1,184,-3.16999E+000,-4.07490E-009,4.02285E+000
1,1,185,-3.16001E+000,-4.18150E-009,4.04414E+000
1,1,186,-3.15001E+000,-3.74330E-009,4.06545E+000
1,1,187,-3.13999E+000,-3.79500E-009,4.08674E+000
1,1,188,-3.13000E+000,-4.29180E-009,4.10884E+000
1,1,189,-3.12001E+000,-3.90760E-009,4.13013E+000
1,1,190,-3.11000E+000,-3.59350E-009,4.15144E+000
1,1,191,-3.09999E+000,-4.03830E-009,4.17285E+000
1,1,192,-3.09001E+000,-4.16180E-009,4.19414E+000
1,1,193,-3.08001E+000,-3.69180E-009,4.21546E+000
1,1,194,-3.07001E+000,-3.98300E-009,4.24561E+000
1,1,195,-3.06001E+000,-3.56790E-009,4.26689E+000
1,1,196,-3.04999E+000,-3.88660E-009,4.28818E+000
1,1,197,-3.04001E+000,-4.21970E-009,4.30962E+000
1,1,198,-3.03001E+000,-3.54100E-009,4.33341E+000
1,1,199,-3.01999E+000,-3.85850E-009,4.35473E+000
1,1,200,-3.01001E+000,-4.15390E-009,4.37690E+000
1,1,201,-3.00001E+000,-3.68540E-009,4.39817E+000
1,1,202,-2.98999E+000,-3.62780E-009,4.41946E+000
1,1,203,-2.98000E+000,-4.15510E-009,4.44172E+000
1,1,204,-2.97001E+000,-3.81880E-009,4.46299E+000
1,1,205,-2.96000E+000,-3.52350E-009,4.48512E+000
1,1,206,-2.94999E+000,-3.96630E-009,4.50643E+000
1,1,207,-2.94001E+000,-4.00900E-009,4.52774E+000
1,1,208,-2.93001E+000,-3.54990E-009,4.54903E+000
1,1,209,-2.91999E+000,-3.67980E-009,4.57029E+000
1,1,210,-2.91000E+000,-4.11630E-009,4.59159E+000
1,1,211,-2.90001E+000,-3.77870E-009,4.61289E+000
1,1,212,-2.89000E+000,-3.42200E-009,4.63415E+000
1,1,213,-2.87999E+000,-3.83670E-009,4.65544E+000
1,1,214,-2.87001E+000,-4.08320E-009,4.67676E+000
1,1,215,-2.86001E+000,-3.60510E-009,4.69805E+000
1,1,216,-2.84999E+000,-3.53570E-009,4.71934E+000
1,1,217,-2.83999E+000,-4.01890E-009,4.74063E+000
1,1,218,-2.83000E+000,-3.41740E-009,4.76771E+000
1,1,219,-2.81999E+000,-3.85500E-009,4.78902E+000
1,1,220,-2.81001E+000,-4.05250E-009,4.81023E+000
1,1,221,-2.80001E+000,-3.60040E-009,4.83145E+000
1,1,222,-2.78999E+000,-3.56310E-009,4.85275E+000
1,1,223,-2.78000E+000,-4.12490E-009,4.87553E+000
1,1,224,-2.77001E+000,-3.73060E-009,4.89682E+000
1,1,225,-2.76000E+000,-3.43950E-009,4.91812E+000
1,1,226,-2.74999E+000,-3.84930E-009,4.93941E+000
1,1,227,-2.74001E+000,-3.96520E-009,4.96066E+000
1,1,228,-2.73001E+000,-3.50420E-009,4.98197E+000
1,1,229,-2.71999E+000,-3.59310E-009,5.00326E+000
1,1,230,-2.70999E+000,-4.05150E-009,5.02457E+000
1,1,231,-2.70001E+000,-3.77140E-009,5.04586E+000
1,1,232,-2.69000E+000,-3.40710E-009,5.06717E+000
1,1,233,-2.68000E+000,-3.81080E-009,5.08845E+000
1,1,234,-2.67001E+000,-4.08050E-009,5.10971E+000
1,1,235,-2.66001E+000,-3.62870E-009,5.13102E+000
1,1,236,-2.64999E+000,-3.49750E-009,5.15221E+000
1,1,237,-2.63999E+000,-3.97830E-009,5.17349E+000
1,1,238,-2.63001E+000,-3.91790E-009,5.19478E+000
1,1,239,-2.62001E+000,-3.44620E-009,5.21666E+000
1,1,240,-2.60999E+000,-3.78730E-009,5.23796E+000
1,1,241,-2.60001E+000,-4.15110E-009,5.25926E+000
1,1,242,-2.58999E+000,-4.14940E-009,5.29127E+000
1,1,243,-2.58001E+000,-3.74940E-009,5.31337E+000
1,1,244,-2.56999E+000,-3.46090E-009,5.33465E+000
1,1,245,-2.55999E+000,-3.98450E-009,5.35639E+000
1,1,246,-2.55001E+000,-3.98940E-009,5.37768E+000
1,1,247,-2.54001E+000,-3.55030E-009,5.39896E+000
1,1,248,-2.52999E+000,-3.71810E-009,5.42026E+000
1,1,249,-2.52000E+000,-4.16810E-009,5.44153E+000
1,1,250,-2.51001E+000,-3.81450E-009,5.46282E+000
1,1,251,-2.50000E+000,-3.46670E-009,5.48412E+000
1,1,252,-2.48999E+000,-3.91940E-009,5.50552E+000
1,1,253,-2.48001E+000,-4.11880E-009,5.52681E+000
1,1,254,-2.47001E+000,-3.65720E-009,5.54810E+000
1,1,255,-2.45999E+000,-3.65320E-009,5.56940E+000
1,1,256,-2.44999E+000,-4.11710E-009,5.59065E+000
1,1,257,-2.44001E+000,-3.93350E-009,5.61195E+000
1,1,258,-2.43001E+000,-3.53740E-009,5.63316E+000
1,1,259,-2.41999E+000,-3.88020E-009,5.65448E+000
1,1,260,-2.41001E+000,-4.23120E-009,5.67577E+000
1,1,261,-2.40001E+000,-3.66920E-009,5.69822E+000
1,1,262,-2.38999E+000,-3.66650E-009,5.71952E+000
1,1,263,-2.37999E+000,-4.11310E-009,5.74081E+000
1,1,264,-2.37001E+000,-3.90910E-009,5.76210E+000
1,1,265,-2.36001E+000,-3.52590E-009,5.78337E+000
1,1,266,-2.35001E+000,-3.82580E-009,5.81311E+000
1,1,267,-2.33999E+000,-3.53830E-009,5.83441E+000
1,1,268,-2.32999E+000,-4.06380E-009,5.85650E+000
1,1,269,-2.32002E+000,-4.02930E-009,5.87783E+000
1,1,270,-2.31001E+000,-3.59750E-009,5.89912E+000
1,1,271,-2.29999E+000,-3.79730E-009,5.92042E+000
1,1,272,-2.28999E+000,-4.20320E-009,5.94172E+000
1,1,273,-2.28001E+000,-3.82200E-009,5.96301E+000
1,1,274,-2.27000E+000,-3.54060E-009,5.98430E+000
1,1,275,-2.25999E+000,-3.97210E-009,6.00560E+000
1,1,276,-2.25001E+000,-4.11110E-009,6.02692E+000
1,1,277,-2.24001E+000,-3.67640E-009,6.04821E+000
1,1,278,-2.22999E+000,-3.70860E-009,6.06949E+000
1,1,279,-2.21999E+000,-4.14490E-009,6.09082E+000
1,1,280,-2.21001E+000,-3.90870E-009,6.11205E+000
1,1,281,-2.20001E+000,-3.53750E-009,6.13334E+000
1,1,282,-2.18999E+000,-3.89300E-009,6.15463E+000
1,1,283,-2.18001E+000,-4.18240E-009,6.17591E+000
1,1,284,-2.17001E+000,-3.74520E-009,6.19720E+000
1,1,285,-2.15999E+000,-3.66160E-009,6.21850E+000
1,1,286,-2.14999E+000,-4.07970E-009,6.23977E+000
1,1,287,-2.14001E+000,-4.02470E-009,6.26107E+000
1,1,288,-2.13001E+000,-3.61480E-009,6.28235E+000
1,1,289,-2.11999E+000,-3.81550E-009,6.30366E+000
1,1,290,-2.10999E+000,-3.81640E-009,6.33658E+000
1,1,291,-2.09999E+000,-4.25880E-009,6.35809E+000
1,1,292,-2.09001E+000,-3.92830E-009,6.37938E+000
1,1,293,-2.08000E+000,-3.50410E-009,6.40068E+000
1,1,294,-2.06999E+000,-3.90300E-009,6.42195E+000
1,1,295,-2.06001E+000,-4.13940E-009,6.44325E+000
1,1,296,-2.05001E+000,-3.65620E-009,6.46453E+000
1,1,297,-2.03999E+000,-3.59840E-009,6.48579E+000
1,1,298,-2.02999E+000,-4.02810E-009,6.50712E+000
1,1,299,-2.02001E+000,-3.84830E-009,6.52840E+000
1,1,300,-2.01000E+000,-3.48220E-009,6.54974E+000
1,1,301,-1.99999E+000,-3.83300E-009,6.57105E+000
1,1,302,-1.99000E+000,-4.17870E-009,6.59232E+000
1,1,303,-1.98001E+000,-3.79630E-009,6.61362E+000
1,1,304,-1.96999E+000,-3.59980E-009,6.63491E+000
1,1,305,-1.95999E+000,-4.01650E-009,6.65619E+000
1,1,306,-1.95001E+000,-4.00160E-009,6.67748E+000
1,1,307,-1.94001E+000,-3.58070E-009,6.69876E+000
1,1,308,-1.92999E+000,-3.75020E-009,6.72005E+000
1,1,309,-1.91999E+000,-4.14590E-009,6.74136E+000
1,1,310,-1.91001E+000,-3.78640E-009,6.76265E+000
1,1,311,-1.89999E+000,-3.52670E-009,6.78393E+000
1,1,312,-1.88999E+000,-3.94940E-009,6.80520E+000
1,1,313,-1.88001E+000,-4.10490E-009,6.82650E+000
1,1,314,-1.87001E+000,-3.91970E-009,6.86170E+000
1,1,315,-1.86000E+000,-3.53370E-009,6.88299E+000
1,1,316,-1.84999E+000,-3.86340E-009,6.90430E+000
1,1,317,-1.84001E+000,-4.11580E-009,6.92637E+000
1,1,318,-1.83001E+000,-3.68310E-009,6.94768E+000
1,1,319,-1.81999E+000,-3.69430E-009,6.96897E+000
1,1,320,-1.81000E+000,-4.19930E-009,6.99138E+000
1,1,321,-1.80001E+000,-3.79720E-009,7.01271E+000
1,1,322,-1.79000E+000,-3.51030E-009,7.03399E+000
1,1,323,-1.77999E+000,-3.91160E-009,7.05530E+000
1,1,324,-1.77001E+000,-4.07350E-009,7.07658E+000
1,1,325,-1.76001E+000,-3.60410E-009,7.09787E+000
1,1,326,-1.74999E+000,-3.62760E-009,7.11917E+000
1,1,327,-1.73999E+000,-4.05650E-009,7.14044E+000
1,1,328,-1.73001E+000,-3.86490E-009,7.16176E+000
1,1,329,-1.72000E+000,-3.52030E-009,7.18304E+000
1,1,330,-1.70999E+000,-3.85660E-009,7.20436E+000
1,1,331,-1.70000E+000,-4.15150E-009,7.22567E+000
1,1,332,-1.69001E+000,-3.71330E-009,7.24695E+000
1,1,333,-1.67999E+000,-3.56790E-009,7.26825E+000
1,1,334,-1.66999E+000,-4.01550E-009,7.28955E+000
1,1,335,-1.66001E+000,-3.95240E-009,7.31081E+000
1,1,336,-1.65001E+000,-3.51820E-009,7.33210E+000
1,1,337,-1.63999E+000,-3.58860E-009,7.35338E+000
1,1,338,-1.62999E+000,-3.22020E-009,7.38556E+000
1,1,339,-1.61999E+000,-3.64740E-009,7.40687E+000
1,1,340,-1.61001E+000,-3.47640E-009,7.42822E+000
1,1,341,-1.60000E+000,-3.35320E-009,7.44952E+000
1,1,342,-1.58999E+000,-3.70200E-009,7.47083E+000
1,1,343,-1.58000E+000,-3.97790E-009,7.49212E+000
1,1,344,-1.57001E+000,-3.48440E-009,7.51354E+000
1,1,345,-1.55999E+000,-3.37560E-009,7.53527E+000
1,1,346,-1.54999E+000,-3.78070E-009,7.55655E+000
1,1,347,-1.54001E+000,-3.57050E-009,7.57785E+000
1,1,348,-1.53000E+000,-3.22860E-009,7.59915E+000
1,1,349,-1.51999E+000,-3.41400E-009,7.62040E+000
1,1,350,-1.51000E+000,-3.72650E-009,7.64170E+000
1,1,351,-1.50000E+000,-3.29430E-009,7.66303E+000
1,1,352,-1.48999E+000,-3.04510E-009,7.68428E+000
1,1,353,-1.47999E+000,-3.47000E-009,7.70558E+000
1,1,354,-1.47001E+000,-3.53050E-009,7.72688E+000
1,1,355,-1.46000E+000,-2.97410E-009,7.74970E+000
1,1,356,-1.44999E+000,-3.28080E-009,7.77101E+000
1,1,357,-1.44000E+000,-3.59820E-009,7.79229E+000
1,1,358,-1.43001E+000,-3.22280E-009,7.81358E+000
1,1,359,-1.41999E+000,-3.07710E-009,7.83489E+000
1,1,360,-1.40999E+000,-3.50860E-009,7.85617E+000
1,1,361,-1.40001E+000,-3.42150E-009,7.87745E+000
1,1,362,-1.39001E+000,-3.57540E-009,7.90955E+000
1,1,363,-1.38001E+000,-3.20030E-009,7.93084E+000
1,1,364,-1.36999E+000,-3.29570E-009,7.95278E+000
1,1,365,-1.35999E+000,-3.73460E-009,7.97409E+000
1,1,366,-1.35001E+000,-3.52030E-009,7.99540E+000
1,1,367,-1.33999E+000,-3.28710E-009,8.01736E+000
1,1,368,-1.32999E+000,-3.70650E-009,8.03865E+000
1,1,369,-1.32001E+000,-3.79060E-009,8.05987E+000
1,1,370,-1.31001E+000,-3.37040E-009,8.08118E+000
1,1,371,-1.29999E+000,-3.43180E-009,8.10249E+000
1,1,372,-1.28999E+000,-3.82070E-009,8.12369E+000
1,1,373,-1.28001E+000,-3.55350E-009,8.14498E+000
1,1,374,-1.27000E+000,-3.20190E-009,8.16630E+000
1,1,375,-1.25999E+000,-3.66670E-009,8.18898E+000
1,1,376,-1.25001E+000,-3.65710E-009,8.21028E+000
1,1,377,-1.24001E+000,-3.25680E-009,8.23158E+000
1,1,378,-1.22999E+000,-3.37540E-009,8.25288E+000
1,1,379,-1.21999E+000,-3.74640E-009,8.27415E+000
1,1,380,-1.21001E+000,-3.24950E-009,8.29775E+000
1,1,381,-1.19999E+000,-3.28270E-009,8.31904E+000
1,1,382,-1.18999E+000,-3.69340E-009,8.34034E+000
1,1,383,-1.18001E+000,-3.46750E-009,8.36164E+000
1,1,384,-1.17000E+000,-3.14190E-009,8.38290E+000
1,1,385,-1.15999E+000,-3.49640E-009,8.40420E+000
1,1,386,-1.14999E+000,-3.18760E-009,8.43409E+000
1,1,387,-1.13999E+000,-3.60380E-009,8.45539E+000
1,1,388,-1.13001E+000,-3.65500E-009,8.47671E+000
1,1,389,-1.12001E+000,-3.25380E-009,8.49799E+000
1,1,390,-1.10999E+000,-3.36530E-009,8.51930E+000
1,1,391,-1.10001E+000,-3.73920E-009,8.54239E+000
1,1,392,-1.09001E+000,-3.27400E-009,8.56375E+000
1,1,393,-1.07999E+000,-3.18010E-009,8.58503E+000
1,1,394,-1.06999E+000,-3.58500E-009,8.60629E+000
1,1,395,-1.06001E+000,-3.45440E-009,8.62759E+000
1,1,396,-1.05000E+000,-3.06020E-009,8.64985E+000
1,1,397,-1.03999E+000,-3.44260E-009,8.67114E+000
1,1,398,-1.03001E+000,-3.65070E-009,8.69259E+000
1,1,399,-1.02001E+000,-3.19310E-009,8.71416E+000
1,1,400,-1.00999E+000,-3.21830E-009,8.73542E+000
1,1,401,-999.99200E-003,-3.64650E-009,8.75674E+000
1,1,402,-990.00600E-003,-3.36540E-009,8.77879E+000
1,1,403,-979.99600E-003,-3.07190E-009,8.80008E+000
1,1,404,-969.99100E-003,-3.47850E-009,8.82134E+000
1,1,405,-960.00600E-003,-3.62570E-009,8.84264E+000
1,1,406,-950.00600E-003,-3.22400E-009,8.86393E+000
1,1,407,-939.99000E-003,-3.20700E-009,8.88520E+000
1,1,408,-929.99100E-003,-3.61740E-009,8.90649E+000
1,1,409,-920.00700E-003,-3.43160E-009,8.92806E+000
1,1,410,-909.99200E-003,-3.63830E-009,8.95665E+000
1,1,411,-900.00600E-003,-3.42460E-009,8.97796E+000
1,1,412,-890.00300E-003,-3.07540E-009,8.99925E+000
1,1,413,-879.99100E-003,-3.38020E-009,9.02049E+000
1,1,414,-870.00300E-003,-3.65870E-009,9.04173E+000
1,1,415,-860.00600E-003,-3.28740E-009,9.06302E+000
1,1,416,-849.99000E-003,-3.27640E-009,9.08588E+000
1,1,417,-839.99500E-003,-3.65150E-009,9.10719E+000
1,1,418,-830.00600E-003,-3.36330E-009,9.12848E+000
1,1,419,-819.99100E-003,-3.12040E-009,9.15111E+000
1,1,420,-809.99200E-003,-3.53600E-009,9.17236E+000
1,1,421,-800.00800E-003,-3.49540E-009,9.19366E+000
1,1,422,-790.00500E-003,-3.09790E-009,9.21495E+000
1,1,423,-779.99000E-003,-3.28990E-009,9.23623E+000
1,1,424,-769.99600E-003,-3.65530E-009,9.25752E+000
1,1,425,-760.00600E-003,-3.31330E-009,9.27881E+000
1,1,426,-749.99500E-003,-3.03970E-009,9.30011E+000
1,1,427,-739.99000E-003,-3.43440E-009,9.32141E+000
1,1,428,-730.00700E-003,-3.56710E-009,9.34267E+000
1,1,429,-720.00600E-003,-3.15960E-009,9.36398E+000
1,1,430,-709.98900E-003,-3.17550E-009,9.38529E+000
1,1,431,-699.99200E-003,-3.57760E-009,9.40654E+000
1,1,432,-690.00700E-003,-3.37640E-009,9.42783E+000
1,1,433,-680.00200E-003,-3.01920E-009,9.44912E+000
1,1,434,-670.00700E-003,-3.18720E-009,9.48017E+000
1,1,435,-659.99100E-003,-3.11350E-009,9.50150E+000
1,1,436,-649.99200E-003,-3.54560E-009,9.52279E+000
1,1,437,-640.00700E-003,-3.38510E-009,9.54407E+000
1,1,438,-630.00400E-003,-3.02630E-009,9.56526E+000
1,1,439,-619.99100E-003,-3.29110E-009,9.58657E+000
1,1,440,-609.99900E-003,-3.60960E-009,9.60785E+000
1,1,441,-600.00700E-003,-3.10370E-009,9.63098E+000
1,1,442,-589.98900E-003,-3.18930E-009,9.65227E+000
1,1,443,-579.99400E-003,-3.58160E-009,9.67358E+000
1,1,444,-570.00400E-003,-3.22990E-009,9.69585E+000
1,1,445,-559.99300E-003,-3.01110E-009,9.71712E+000
1,1,446,-549.99000E-003,-3.42730E-009,9.73843E+000
1,1,447,-540.00800E-003,-3.46520E-009,9.75973E+000
1,1,448,-530.00600E-003,-3.06050E-009,9.78102E+000
1,1,449,-519.98900E-003,-3.17560E-009,9.80237E+000
1,1,450,-509.99400E-003,-3.56490E-009,9.82365E+000
1,1,451,-500.00600E-003,-3.26930E-009,9.84493E+000
1,1,452,-489.99800E-003,-2.94970E-009,9.86618E+000
1,1,453,-479.99300E-003,-3.32670E-009,9.88745E+000
1,1,454,-470.00600E-003,-3.52420E-009,9.90876E+000
1,1,455,-460.00700E-003,-3.12620E-009,9.93004E+000
1,1,456,-449.99100E-003,-3.06030E-009,9.95130E+000
1,1,457,-439.99100E-003,-3.47630E-009,9.97260E+000
1,1,458,-429.99200E-003,-3.35050E-009,10.00433E+000
1,1,459,-420.00600E-003,-3.51170E-009,10.02563E+000
1,1,460,-410.00500E-003,-3.09750E-009,10.04696E+000
1,1,461,-399.99000E-003,-3.08520E-009,10.06820E+000
1,1,462,-389.99200E-003,-3.50010E-009,10.08947E+000
1,1,463,-380.00700E-003,-3.33100E-009,10.11076E+000
1,1,464,-370.00300E-003,-2.96910E-009,10.13207E+000
1,1,465,-359.99100E-003,-3.26520E-009,10.15332E+000
1,1,466,-350.00200E-003,-3.56790E-009,10.17461E+000
1,1,467,-340.00500E-003,-3.18430E-009,10.19592E+000
1,1,468,-329.99100E-003,-3.02120E-009,10.21748E+000
1,1,469,-319.99100E-003,-3.44040E-009,10.23877E+000
1,1,470,-310.00900E-003,-3.38840E-009,10.26008E+000
1,1,471,-300.00700E-003,-3.00210E-009,10.28136E+000
1,1,472,-289.98800E-003,-3.19730E-009,10.30264E+000
1,1,473,-279.99500E-003,-3.57350E-009,10.32403E+000
1,1,474,-270.00700E-003,-3.21670E-009,10.34530E+000
1,1,475,-259.99400E-003,-2.96190E-009,10.36661E+000
1,1,476,-249.99100E-003,-3.49070E-009,10.38926E+000
1,1,477,-240.00900E-003,-3.33260E-009,10.41054E+000
1,1,478,-230.00300E-003,-2.96630E-009,10.43184E+000
1,1,479,-219.99100E-003,-3.24800E-009,10.45316E+000
1,1,480,-210.00260E-003,-3.54930E-009,10.47460E+000
1,1,481,-200.00580E-003,-3.15990E-009,10.49589E+000
1,1,482,-190.00610E-003,-3.03140E-009,10.53081E+000
1,1,483,-179.98930E-003,-3.14340E-009,10.55216E+000
1,1,484,-169.99480E-003,-3.52240E-009,10.57352E+000
1,1,485,-160.00400E-003,-3.17630E-009,10.59559E+000
1,1,486,-149.99300E-003,-2.95080E-009,10.61686E+000
1,1,487,-139.99040E-003,-3.36680E-009,10.63816E+000
1,1,488,-130.00690E-003,-3.41990E-009,10.65946E+000
1,1,489,-120.00570E-003,-3.01580E-009,10.68073E+000
1,1,490,-109.98770E-003,-3.11820E-009,10.70206E+000
1,1,491,-99.99430E-003,-3.51400E-009,10.72337E+000
1,1,492,-90.00620E-003,-3.21440E-009,10.74493E+000
1,1,493,-79.99310E-003,-2.96080E-009,10.76689E+000
1,1,494,-69.98940E-003,-3.37130E-009,10.78818E+000
1,1,495,-60.00760E-003,-3.40420E-009,10.80949E+000
1,1,496,-50.00560E-003,-3.00870E-009,10.83078E+000
1,1,497,-39.98910E-003,-3.12440E-009,10.85204E+000
1,1,498,-29.99410E-003,-3.51260E-009,10.87333E+000
1,1,499,-20.00570E-003,-3.22620E-009,10.89464E+000
1,1,500,-9.99560E-003,-2.92060E-009,10.91621E+000
1,1,501,9.20000E-006,-3.29930E-009,10.93752E+000
1,1,502,9.99410E-003,-3.46290E-009,10.95881E+000
1,1,503,19.99380E-003,-2.97820E-009,10.98119E+000
1,1,504,30.01030E-003,-3.16240E-009,11.00250E+000
1,1,505,40.00450E-003,-3.52190E-009,11.02378E+000
1,1,506,50.00980E-003,-3.37630E-009,11.05499E+000
1,1,507,59.99200E-003,-3.36910E-009,11.07627E+000
1,1,508,69.99440E-003,-2.97770E-009,11.09758E+000
1,1,509,80.00940E-003,-3.19510E-009,11.11961E+000
1,1,510,89.99940E-003,-3.51210E-009,11.14090E+000
1,1,511,99.99640E-003,-3.14380E-009,11.16218E+000
1,1,512,110.01030E-003,-3.05950E-009,11.18487E+000
1,1,513,120.00800E-003,-3.46020E-009,11.20614E+000
1,1,514,129.99380E-003,-3.24440E-009,11.22743E+000
1,1,515,139.99760E-003,-2.90200E-009,11.24873E+000
1,1,516,150.00880E-003,-3.22500E-009,11.26999E+000
1,1,517,159.99660E-003,-3.49050E-009,11.29127E+000
1,1,518,169.99280E-003,-3.10450E-009,11.31257E+000
1,1,519,180.00900E-003,-2.95860E-009,11.33386E+000
1,1,520,190.00920E-003,-3.37130E-009,11.35514E+000
1,1,521,199.99150E-003,-3.33160E-009,11.37642E+000
1,1,522,209.99460E-003,-2.95070E-009,11.39767E+000
1,1,523,220.01000E-003,-3.12280E-009,11.41895E+000
1,1,524,230.00500E-003,-3.48980E-009,11.44024E+000
1,1,525,239.99400E-003,-3.10280E-009,11.46239E+000
1,1,526,250.00800E-003,-2.93650E-009,11.48374E+000
1,1,527,260.00900E-003,-3.35640E-009,11.50505E+000
1,1,528,269.99200E-003,-3.31730E-009,11.52634E+000
1,1,529,279.99400E-003,-2.93250E-009,11.54762E+000
1,1,530,290.00600E-003,-2.91690E-009,11.58338E+000
1,1,531,300.01000E-003,-3.31210E-009,11.60466E+000
1,1,532,309.99200E-003,-3.34990E-009,11.62597E+000
1,1,533,319.99600E-003,-2.88760E-009,11.64834E+000
1,1,534,330.00900E-003,-3.16130E-009,11.66962E+000
1,1,535,339.99800E-003,-3.46310E-009,11.69091E+000
1,1,536,349.99400E-003,-3.01580E-009,11.71301E+000
1,1,537,360.00900E-003,-2.96640E-009,11.73431E+000
1,1,538,370.00700E-003,-3.41480E-009,11.75610E+000
1,1,539,379.99400E-003,-3.18140E-009,11.77736E+000
1,1,540,390.00700E-003,-2.91040E-009,11.80028E+000
1,1,541,400.00800E-003,-3.31350E-009,11.82156E+000
1,1,542,409.99200E-003,-3.29610E-009,11.84285E+000
1,1,543,419.99400E-003,-2.90900E-009,11.86417E+000
1,1,544,430.01000E-003,-3.07520E-009,11.88543E+000
1,1,545,440.00400E-003,-3.43950E-009,11.90672E+000
1,1,546,449.99500E-003,-3.11420E-009,11.92803E+000
1,1,547,460.00400E-003,-2.83510E-009,11.94931E+000
1,1,548,470.00900E-003,-3.21370E-009,11.97060E+000
1,1,549,479.99400E-003,-3.36930E-009,11.99189E+000
1,1,550,489.99500E-003,-2.96690E-009,12.01316E+000
1,1,551,500.00800E-003,-3.08260E-009,12.03555E+000
1,1,552,510.00400E-003,-3.43010E-009,12.05683E+000
1,1,553,519.99500E-003,-3.09820E-009,12.07810E+000
1,1,554,530.00400E-003,-3.43230E-009,12.10675E+000
1,1,555,539.99400E-003,-3.10530E-009,12.12804E+000
1,1,556,550.00500E-003,-2.83640E-009,12.14933E+000
1,1,557,560.01000E-003,-3.24690E-009,12.17075E+000
1,1,558,569.99300E-003,-3.38530E-009,12.19203E+000
1,1,559,579.99400E-003,-2.97190E-009,12.21333E+000
1,1,560,590.01000E-003,-3.10140E-009,12.23540E+000
1,1,561,600.00500E-003,-3.49120E-009,12.25669E+000
1,1,562,609.99400E-003,-3.13720E-009,12.27793E+000
1,1,563,620.00400E-003,-2.81330E-009,12.29922E+000
1,1,564,630.00900E-003,-3.20830E-009,12.32050E+000
1,1,565,639.99300E-003,-3.38820E-009,12.34179E+000
1,1,566,649.99500E-003,-2.83780E-009,12.36474E+000
1,1,567,660.00900E-003,-3.12370E-009,12.38607E+000
1,1,568,669.99800E-003,-3.46010E-009,12.40736E+000
1,1,569,679.99400E-003,-3.06700E-009,12.42867E+000
1,1,570,690.00900E-003,-2.85660E-009,12.44992E+000
1,1,571,700.01000E-003,-3.29150E-009,12.47120E+000
1,1,572,709.99200E-003,-3.31990E-009,12.49251E+000
1,1,573,719.99000E-003,-2.87060E-009,12.51379E+000
1,1,574,730.00900E-003,-3.16310E-009,12.53707E+000
1,1,575,739.99300E-003,-3.31020E-009,12.55842E+000
1,1,576,749.99100E-003,-2.84360E-009,12.58035E+000
1,1,577,760.01500E-003,-2.96450E-009,12.60166E+000
1,1,578,769.99800E-003,-2.74270E-009,12.63192E+000
1,1,579,780.01100E-003,-3.07900E-009,12.65319E+000
1,1,580,789.98800E-003,-3.21560E-009,12.67577E+000
1,1,581,799.99400E-003,-2.79580E-009,12.69712E+000
1,1,582,810.01100E-003,-2.94360E-009,12.71840E+000
1,1,583,820.00500E-003,-3.33170E-009,12.73969E+000
1,1,584,829.99400E-003,-3.00750E-009,12.76098E+000
1,1,585,840.00500E-003,-2.67890E-009,12.78261E+000
1,1,586,850.01100E-003,-3.06280E-009,12.80393E+000
1,1,587,859.99200E-003,-3.16570E-009,12.82536E+000
1,1,588,869.99400E-003,-2.73070E-009,12.84666E+000
1,1,589,880.01100E-003,-2.77750E-009,12.86799E+000
1,1,590,890.00000E-003,-3.19760E-009,12.89031E+000
1,1,591,899.99600E-003,-2.75810E-009,12.91160E+000
1,1,592,910.00700E-003,-2.48960E-009,12.93290E+000
1,1,593,920.00800E-003,-2.97940E-009,12.95525E+000
1,1,594,929.99100E-003,-2.78640E-009,12.97654E+000
1,1,595,939.99600E-003,-2.34890E-009,12.99784E+000
1,1,596,950.00900E-003,-2.57120E-009,13.01941E+000
1,1,597,959.99700E-003,-2.76790E-009,13.04070E+000
1,1,598,969.99400E-003,-2.23650E-009,13.06198E+000
1,1,599,980.00800E-003,-1.91040E-009,13.08327E+000
1,1,600,990.00900E-003,-2.14820E-009,13.10453E+000
1,1,601,999.99200E-003,-1.91460E-009,13.12583E+000
1,1,602,1.01000E+000,-1.81340E-009,13.15636E+000
1,1,603,1.01999E+000,-1.15220E-009,13.17764E+000
1,1,604,1.03000E+000,-456.10000E-012,13.19894E+000
1,1,605,1.04001E+000,-487.80000E-012,13.22148E+000
1,1,606,1.04999E+000,188.20000E-012,13.24275E+000
1,1,607,1.05999E+000,1.28970E-009,13.26405E+000
1,1,608,1.07001E+000,1.93060E-009,13.28535E+000
1,1,609,1.08000E+000,2.61470E-009,13.30663E+000
1,1,610,1.08999E+000,4.23190E-009,13.32788E+000
1,1,611,1.10000E+000,6.02790E-009,13.34919E+000
1,1,612,1.11001E+000,7.50950E-009,13.37046E+000
1,1,613,1.11999E+000,9.64990E-009,13.39175E+000
1,1,614,1.12999E+000,12.82200E-009,13.41303E+000
1,1,615,1.14000E+000,16.05620E-009,13.43533E+000
1,1,616,1.14999E+000,19.72670E-009,13.45661E+000
1,1,617,1.15998E+000,25.02160E-009,13.47790E+000
1,1,618,1.17000E+000,31.44750E-009,13.50012E+000
1,1,619,1.17999E+000,38.16350E-009,13.52333E+000
1,1,620,1.18997E+000,47.27080E-009,13.54463E+000
1,1,621,1.19998E+000,58.24060E-009,13.56592E+000
1,1,622,1.20998E+000,71.15310E-009,13.58718E+000
1,1,623,1.21995E+000,86.90850E-009,13.60849E+000
1,1,624,1.23000E+000,107.39200E-009,13.63584E+000
1,1,625,1.24000E+000,129.83700E-009,13.64024E+000
1,1,626,1.25000E+000,161.23200E-009,13.64467E+000
1,1,627,1.26000E+000,198.64200E-009,13.64906E+000
1,1,628,1.27000E+000,240.45100E-009,13.65361E+000
1,1,629,1.28000E+000,295.59800E-009,13.68382E+000
1,1,630,1.29000E+000,360.47100E-009,13.68980E+000
1,1,631,1.30000E+000,445.16700E-009,13.69415E+000
1,1,632,1.31000E+000,552.73700E-009,13.69854E+000
1,1,633,1.32000E+000,668.84000E-009,13.70296E+000
1,1,634,1.33000E+000,824.45300E-009,13.70746E+000
1,1,635,1.34000E+000,1.01326E-006,13.71213E+000
1,1,636,1.35000E+000,1.25671E-006,13.72660E+000
1,1,637,1.36000E+000,1.56232E-006,13.73105E+000
1,1,638,1.37000E+000,1.94134E-006,13.73776E+000
1,1,639,1.38000E+000,2.40574E-006,13.74217E+000
1,1,640,1.39000E+000,3.06732E-006,13.74657E+000
1,1,641,1.40000E+000,3.79906E-006,13.75240E+000
1,1,642,1.41001E+000,4.80953E-006,13.75686E+000
1,1,643,1.41999E+000,6.11374E-006,13.76127E+000
1,1,644,1.43000E+000,7.58408E-006,13.76567E+000
1,1,645,1.44000E+000,9.66543E-006,13.77101E+000
1,1,646,1.45001E+000,12.25530E-006,13.78119E+000
1,1,647,1.46000E+000,15.51270E-006,13.78562E+000
1,1,648,1.47000E+000,19.62010E-006,13.79006E+000
1,1,649,1.48001E+000,24.75910E-006,13.79448E+000
1,1,650,1.49000E+000,31.23400E-006,13.79890E+000
1,1,651,1.50002E+000,39.36040E-006,13.80335E+000
1,1,652,1.51000E+000,49.45290E-006,13.80775E+000
1,1,653,1.51999E+000,61.87640E-006,13.81270E+000
1,1,654,1.52999E+000,77.35790E-006,13.81783E+000
1,1,655,1.53999E+000,96.51960E-006,13.82229E+000
1,1,656,1.55000E+000,120.45800E-006,13.83086E+000
1,1,657,1.56000E+000,150.00800E-006,13.83577E+000
1,1,658,1.57000E+000,186.91800E-006,13.84095E+000
1,1,659,1.58000E+000,232.55600E-006,13.84541E+000
1,1,660,1.59000E+000,289.26800E-006,13.84983E+000
1,1,661,1.60000E+000,359.38800E-006,13.85427E+000
1,1,662,1.61000E+000,445.34300E-006,13.85869E+000
1,1,663,1.62000E+000,550.04200E-006,13.86310E+000
1,1,664,1.63000E+000,676.47800E-006,13.86755E+000
1,1,665,1.64000E+000,827.77900E-006,13.87195E+000
1,1,666,1.65000E+000,1.00699E-003,13.87698E+000
1,1,667,1.66000E+000,1.21667E-003,13.88278E+000
1,1,668,1.67000E+000,1.45734E-003,13.88718E+000
1,1,669,1.67999E+000,1.73172E-003,13.89160E+000
1,1,670,1.68999E+000,2.04090E-003,13.89600E+000
1,1,671,1.69999E+000,2.38933E-003,13.90145E+000
1,1,672,1.70999E+000,2.76801E-003,13.90588E+000
1,1,673,1.71999E+000,3.18088E-003,13.91029E+000
1,1,674,1.72998E+000,3.62683E-003,13.91472E+000
1,1,675,1.73998E+000,4.10441E-003,13.91912E+000
1,1,676,1.74998E+000,4.61149E-003,13.92354E+000
1,1,677,1.75998E+000,5.14641E-003,13.92792E+000
1,1,678,1.76998E+000,5.70785E-003,13.93231E+000
1,1,679,1.77997E+000,6.29580E-003,13.93684E+000
1,1,680,1.78997E+000,6.92205E-003,13.94276E+000
1,1,681,1.79997E+000,7.54908E-003,13.94716E+000
1,1,682,1.80997E+000,8.19670E-003,13.95158E+000
1,1,683,1.81997E+000,8.87256E-003,13.95656E+000
1,1,684,1.82996E+000,9.55949E-003,13.96140E+000
1,1,685,1.83588E+000,10.00000E-003,13.96585E+000
1,1,686,1.83484E+000,10.00000E-003,13.97026E+000
1,1,687,1.83399E+000,10.00001E-003,13.97475E+000
1,1,688,1.83333E+000,10.00000E-003,13.97914E+000
1,1,689,1.83275E+000,10.00001E-003,13.98366E+000
1,1,690,1.83214E+000,10.00000E-003,13.98930E+000
1,1,691,1.83174E+000,10.00000E-003,13.99374E+000
1,1,692,1.83139E+000,10.00000E-003,13.99822E+000
1,1,693,1.83108E+000,10.00000E-003,14.00263E+000
1,1,694,1.83081E+000,10.00000E-003,14.00706E+000
1,1,695,1.83057E+000,10.00000E-003,14.01147E+000
1,1,696,1.83024E+000,10.00000E-003,14.01816E+000
1,1,697,1.83006E+000,10.00000E-003,14.02256E+000
1,1,698,1.82989E+000,10.00001E-003,14.02699E+000
1,1,699,1.82973E+000,10.00000E-003,14.03139E+000
1,1,700,1.82953E+000,10.00000E-003,14.03747E+000
1,1,701,1.82939E+000,10.00000E-003,14.04215E+000
1,1,702,1.82927E+000,10.00000E-003,14.04655E+000
1,1,703,1.82916E+000,10.00001E-003,14.05097E+000
1,1,704,1.82906E+000,10.00000E-003,14.05537E+000
1,1,705,1.82896E+000,10.00000E-003,14.05978E+000
1,1,706,1.82887E+000,10.00000E-003,14.06427E+000
1,1,707,1.82878E+000,9.99999E-003,14.06866E+000
1,1,708,1.82870E+000,9.99999E-003,14.07308E+000
1,1,709,1.82862E+000,10.00000E-003,14.07802E+000
1,1,710,1.82854E+000,10.00000E-003,14.08334E+000
1,1,711,1.82847E+000,10.00000E-003,14.08774E+000
1,1,712,1.82745E+000,10.00000E-003,14.09213E+000
1,1,713,1.82738E+000,10.00000E-003,14.09653E+000
1,1,714,1.82733E+000,10.00000E-003,14.10173E+000
1,1,715,1.82727E+000,10.00000E-003,14.10660E+000
1,1,716,1.82724E+000,10.00000E-003,14.11099E+000
1,1,717,1.82719E+000,10.00000E-003,14.11543E+000
1,1,718,1.82715E+000,10.00000E-003,14.11982E+000
1,1,719,1.82709E+000,10.00000E-003,14.12425E+000
1,1,720,1.82702E+000,10.00000E-003,14.12864E+000
1,1,721,1.82700E+000,9.99999E-003,14.13296E+000
1,1,722,1.82698E+000,9.99999E-003,14.13739E+000
1,1,723,1.82692E+000,9.99999E-003,14.14273E+000
1,1,724,1.82689E+000,10.00000E-003,14.14715E+000
1,1,725,1.82688E+000,10.00000E-003,14.15158E+000
1,1,726,1.82681E+000,10.00000E-003,14.15597E+000
1,1,727,1.82677E+000,10.00000E-003,14.16235E+000
1,1,728,1.82672E+000,10.00000E-003,14.16676E+000
1,1,729,1.82672E+000,10.00000E-003,14.17115E+000
1,1,730,1.82668E+000,10.00000E-003,14.17559E+000
1,1,731,1.82666E+000,10.00000E-003,14.17998E+000
1,1,732,1.82661E+000,10.00000E-003,14.18440E+000
1,1,733,1.82655E+000,10.00000E-003,14.19020E+000
1,1,734,1.82641E+000,10.00000E-003,14.23049E+000
1,1,735,1.82639E+000,10.00001E-003,14.23623E+000
1,1,736,1.82638E+000,10.00000E-003,14.24066E+000
1,1,737,1.82633E+000,10.00000E-003,14.24507E+000
1,1,738,1.82633E+000,10.00000E-003,14.24959E+000
1,1,739,1.82629E+000,10.00000E-003,14.25491E+000
1,1,740,1.82631E+000,10.00000E-003,14.25934E+000
1,1,741,1.82627E+000,10.00000E-003,14.26376E+000
1,1,742,1.82623E+000,10.00000E-003,14.26817E+000
1,1,743,1.82623E+000,10.00000E-003,14.27256E+000
1,1,744,1.82625E+000,10.00000E-003,14.27698E+000
1,1,745,1.82623E+000,10.00000E-003,14.28493E+000
1,1,746,1.82621E+000,10.00001E-003,14.28953E+000
1,1,747,1.82616E+000,10.00000E-003,14.29397E+000
1,1,748,1.82619E+000,9.99999E-003,14.29836E+000
1,1,749,1.82617E+000,10.00001E-003,14.30269E+000
1,1,750,1.82615E+000,10.00000E-003,14.30769E+000
1,1,751,1.82615E+000,10.00000E-003,14.31216E+000
1,1,752,1.82612E+000,10.00000E-003,14.31648E+000
1,1,753,1.82611E+000,10.00000E-003,14.32087E+000
1,1,754,1.82607E+000,10.00000E-003,14.32531E+000
1,1,755,1.82606E+000,9.99999E-003,14.32972E+000
1,1,756,1.82604E+000,10.00000E-003,14.33414E+000
1,1,757,1.82603E+000,9.99999E-003,14.33854E+000
1,1,758,1.82602E+000,10.00000E-003,14.34436E+000
1,1,759,1.82604E+000,10.00000E-003,14.34878E+000
1,1,760,1.82602E+000,10.00000E-003,14.35321E+000
1,1,761,1.82603E+000,10.00000E-003,14.35760E+000
1,1,762,1.82601E+000,10.00000E-003,14.36368E+000
1,1,763,1.82599E+000,10.00000E-003,14.36813E+000
1,1,764,1.82597E+000,10.00000E-003,14.37254E+000
1,1,765,1.82596E+000,10.00000E-003,14.37713E+000
1,1,766,1.82597E+000,10.00000E-003,14.38156E+000
1,1,767,1.82596E+000,10.00000E-003,14.38595E+000
1,1,768,1.82594E+000,10.00000E-003,14.39106E+000
1,1,769,1.82592E+000,10.00000E-003,14.39552E+000
1,1,770,1.82591E+000,10.00000E-003,14.39992E+000
1,1,771,1.82590E+000,10.00000E-003,14.40442E+000
1,1,772,1.82591E+000,10.00000E-003,14.40881E+000
1,1,773,1.82590E+000,10.00000E-003,14.41321E+000
1,1,774,1.82587E+000,10.00000E-003,14.41771E+000
1,1,775,1.82586E+000,10.00000E-003,14.42364E+000
1,1,776,1.82584E+000,10.00000E-003,14.42806E+000
1,1,777,1.82583E+000,10.00000E-003,14.43249E+000
1,1,778,1.82582E+000,10.00000E-003,14.43689E+000
1,1,779,1.82581E+000,9.99999E-003,14.44206E+000
1,1,780,1.82581E+000,10.00001E-003,14.44667E+000
1,1,781,1.82581E+000,10.00000E-003,14.45107E+000
1,1,782,1.82576E+000,10.00000E-003,14.45548E+000
1,1,783,1.82574E+000,9.99999E-003,14.45988E+000
1,1,784,1.82574E+000,9.99999E-003,14.46427E+000
1,1,785,1.82574E+000,10.00000E-003,14.46871E+000
1,1,786,1.82577E+000,10.00000E-003,14.47310E+000
1,1,787,1.82577E+000,10.00001E-003,14.47752E+000
1,1,788,1.82576E+000,10.00000E-003,14.48292E+000
1,1,789,1.82573E+000,10.00000E-003,14.48822E+000
1,1,790,1.82574E+000,10.00000E-003,14.49265E+000
1,1,791,1.82575E+000,10.00000E-003,14.49705E+000
1,1,792,1.82570E+000,10.00000E-003,14.50201E+000
1,1,793,1.82569E+000,10.00000E-003,14.50738E+000
1,1,794,1.82569E+000,9.99999E-003,14.51180E+000
1,1,795,1.82568E+000,10.00000E-003,14.51621E+000
1,1,796,1.82566E+000,10.00000E-003,14.52063E+000
1,1,797,1.82566E+000,10.00000E-003,14.52510E+000
1,1,798,1.82564E+000,10.00000E-003,14.53040E+000
1,1,799,1.82560E+000,10.00000E-003,14.53588E+000
1,1,800,1.82561E+000,10.00000E-003,14.54029E+000
1,1,801,1.82561E+000,9.99999E-003,14.54477E+000
1,1,802,1.82560E+000,10.00000E-003,14.54919E+000
1,1,803,1.82561E+000,10.00000E-003,14.55359E+000
1,1,804,1.82559E+000,10.00000E-003,14.55812E+000
1,1,805,1.82557E+000,10.00000E-003,14.56306E+000
1,1,806,1.82558E+000,10.00000E-003,14.56911E+000
1,1,807,1.82555E+000,10.00000E-003,14.57351E+000
1,1,808,1.82559E+000,10.00000E-003,14.57792E+000
1,1,809,1.82557E+000,10.00001E-003,14.58407E+000
1,1,810,1.82556E+000,10.00000E-003,14.58851E+000
1,1,811,1.82553E+000,9.99999E-003,14.59293E+000
1,1,812,1.82552E+000,10.00000E-003,14.59733E+000
1,1,813,1.82551E+000,10.00000E-003,14.60173E+000
1,1,814,1.82551E+000,10.00000E-003,14.60624E+000
1,1,815,1.82553E+000,10.00000E-003,14.61064E+000
1,1,816,1.82547E+000,9.99999E-003,14.61506E+000
1,1,817,1.82551E+000,10.00000E-003,14.61946E+000
1,1,818,1.82549E+000,10.00000E-003,14.62394E+000
1,1,819,1.82549E+000,10.00000E-003,14.62985E+000
1,1,820,1.82549E+000,10.00000E-003,14.63431E+000
1,1,821,1.82546E+000,10.00000E-003,14.63871E+000
1,1,822,1.82545E+000,10.00000E-003,14.64313E+000
1,1,823,1.82543E+000,10.00000E-003,14.64898E+000
1,1,824,1.82544E+000,10.00000E-003,14.65341E+000
1,1,825,1.82541E+000,9.99999E-003,14.65780E+000
1,1,826,1.82543E+000,10.00001E-003,14.66222E+000
1,1,827,1.82545E+000,10.00000E-003,14.66662E+000
1,1,828,1.82541E+000,10.00000E-003,14.67101E+000
1,1,829,1.82544E+000,10.00000E-003,14.67546E+000
1,1,830,1.82541E+000,10.00000E-003,14.67985E+000
1,1,831,1.82540E+000,9.99999E-003,14.68428E+000
1,1,832,1.82540E+000,10.00000E-003,14.69071E+000
1,1,833,1.82539E+000,10.00000E-003,14.69514E+000
1,1,834,1.82541E+000,10.00000E-003,14.69957E+000
1,1,835,1.82540E+000,10.00000E-003,14.70396E+000
1,1,836,1.82541E+000,10.00000E-003,14.70959E+000
1,1,837,1.82538E+000,10.00000E-003,14.71408E+000
1,1,838,1.82537E+000,9.99999E-003,14.71853E+000
1,1,839,1.82540E+000,10.00000E-003,14.72292E+000
1,1,840,1.82538E+000,9.99999E-003,14.72732E+000
1,1,841,1.82535E+000,10.00000E-003,14.73176E+000
1,1,842,1.82528E+000,10.00000E-003,14.75739E+000
1,1,843,1.82533E+000,10.00000E-003,14.76216E+000
1,1,844,1.82527E+000,9.99999E-003,14.76659E+000
1,1,845,1.82527E+000,10.00000E-003,14.77100E+000
1,1,846,1.82528E+000,10.00000E-003,14.77576E+000
1,1,847,1.82528E+000,10.00000E-003,14.78023E+000
1,1,848,1.82528E+000,10.00000E-003,14.78475E+000
1,1,849,1.82527E+000,10.00000E-003,14.78915E+000
1,1,850,1.82528E+000,9.99999E-003,14.79354E+000
1,1,851,1.82526E+000,10.00000E-003,14.79797E+000
1,1,852,1.82523E+000,9.99999E-003,14.80236E+000
1,1,853,1.82524E+000,10.00000E-003,14.80946E+000
1,1,854,1.82524E+000,10.00000E-003,14.81607E+000
1,1,855,1.82521E+000,10.00000E-003,14.82049E+000
1,1,856,1.82522E+000,10.00000E-003,14.82491E+000
1,1,857,1.82521E+000,9.99999E-003,14.82930E+000
1,1,858,1.82519E+000,10.00000E-003,14.83512E+000
1,1,859,1.82519E+000,9.99999E-003,14.83954E+000
1,1,860,1.82520E+000,10.00000E-003,14.84396E+000
1,1,861,1.82516E+000,10.00000E-003,14.84835E+000
1,1,862,1.82517E+000,10.00000E-003,14.85275E+000
1,1,863,1.82516E+000,10.00000E-003,14.85718E+000
1,1,864,1.82519E+000,10.00000E-003,14.86158E+000
1,1,865,1.82518E+000,9.99999E-003,14.86600E+000
1,1,866,1.82519E+000,9.99999E-003,14.87039E+000
1,1,867,1.82518E+000,10.00000E-003,14.87620E+000
1,1,868,1.82516E+000,10.00000E-003,14.88063E+000
1,1,869,1.82515E+000,10.00001E-003,14.88504E+000
1,1,870,1.82515E+000,10.00000E-003,14.88944E+000
1,1,871,1.82513E+000,10.00000E-003,14.89448E+000
1,1,872,1.82512E+000,10.00000E-003,14.89890E+000
1,1,873,1.82513E+000,10.00000E-003,14.90335E+000
1,1,874,1.82512E+000,10.00000E-003,14.90774E+000
1,1,875,1.82512E+000,9.99999E-003,14.91217E+000
1,1,876,1.82512E+000,10.00000E-003,14.91657E+000
1,1,877,1.82511E+000,10.00001E-003,14.92096E+000
1,1,878,1.82509E+000,10.00000E-003,14.92547E+000
1,1,879,1.82509E+000,10.00000E-003,14.92987E+000
1,1,880,1.82508E+000,10.00000E-003,14.93442E+000
1,1,881,1.82507E+000,10.00000E-003,14.93996E+000
1,1,882,1.82509E+000,10.00000E-003,14.94441E+000
1,1,883,1.82508E+000,10.00000E-003,14.94879E+000
1,1,884,1.82502E+000,10.00000E-003,14.95321E+000
1,1,885,1.82506E+000,10.00000E-003,14.95880E+000
1,1,886,1.82507E+000,10.00000E-003,14.96324E+000
1,1,887,1.82506E+000,9.99999E-003,14.96766E+000
1,1,888,1.82506E+000,10.00000E-003,14.97205E+000
1,1,889,1.82506E+000,10.00000E-003,14.97647E+000
1,1,890,1.82503E+000,10.00000E-003,14.98087E+000
1,1,891,1.82504E+000,9.99999E-003,14.98526E+000
1,1,892,1.82504E+000,9.99999E-003,14.98968E+000
1,1,893,1.82501E+000,10.00000E-003,14.99407E+000
1,1,894,1.82500E+000,10.00000E-003,14.99942E+000
1,1,895,1.82498E+000,10.00000E-003,15.00420E+000
1,1,896,1.82500E+000,10.00000E-003,15.00863E+000
1,1,897,1.82502E+000,10.00000E-003,15.01304E+000
1,1,898,1.82499E+000,10.00000E-003,15.01840E+000
1,1,899,1.82502E+000,10.00000E-003,15.02350E+000
1,1,900,1.82501E+000,10.00001E-003,15.02792E+000
1,1,901,1.82500E+000,10.00000E-003,15.03232E+000
1,1,902,1.82498E+000,9.99999E-003,15.03677E+000
1,1,903,1.82498E+000,10.00000E-003,15.04116E+000
1,1,904,1.82498E+000,10.00000E-003,15.04564E+000
1,1,905,1.82498E+000,10.00000E-003,15.05013E+000
1,1,906,1.82496E+000,10.00000E-003,15.05453E+000
1,1,907,1.82497E+000,10.00000E-003,15.05895E+000
1,1,908,1.82497E+000,10.00000E-003,15.06471E+000
1,1,909,1.82495E+000,10.00000E-003,15.06914E+000
1,1,910,1.82496E+000,10.00000E-003,15.07353E+000
1,1,911,1.82493E+000,10.00000E-003,15.07797E+000
1,1,912,1.82498E+000,10.00000E-003,15.08336E+000
1,1,913,1.82494E+000,10.00000E-003,15.08802E+000
1,1,914,1.82494E+000,10.00000E-003,15.09239E+000
1,1,915,1.82495E+000,10.00000E-003,15.09681E+000
1,1,916,1.82493E+000,10.00000E-003,15.10121E+000
1,1,917,1.82489E+000,10.00000E-003,15.10560E+000
1,1,918,1.82491E+000,10.00000E-003,15.11004E+000
1,1,919,1.82492E+000,10.00000E-003,15.11443E+000
1,1,920,1.82492E+000,10.00000E-003,15.11885E+000
1,1,921,1.82493E+000,10.00000E-003,15.12568E+000
1,1,922,1.82494E+000,10.00000E-003,15.13020E+000
1,1,923,1.82492E+000,10.00000E-003,15.13459E+000
1,1,924,1.82493E+000,10.00000E-003,15.13903E+000
1,1,925,1.82494E+000,10.00001E-003,15.14342E+000
1,1,926,1.82493E+000,10.00000E-003,15.14838E+000
1,1,927,1.82493E+000,10.00000E-003,15.15281E+000
1,1,928,1.82492E+000,10.00000E-003,15.15724E+000
1,1,929,1.82492E+000,10.00000E-003,15.16164E+000
1,1,930,1.82490E+000,10.00000E-003,15.16606E+000
1,1,931,1.82490E+000,10.00000E-003,15.17045E+000
1,1,932,1.82489E+000,9.99999E-003,15.17485E+000
1,1,933,1.82491E+000,10.00000E-003,15.17928E+000
1,1,934,1.82493E+000,10.00000E-003,15.18423E+000
1,1,935,1.82490E+000,9.99999E-003,15.18945E+000
1,1,936,1.82488E+000,10.00000E-003,15.19384E+000
1,1,937,1.82487E+000,9.99999E-003,15.19825E+000
1,1,938,1.82487E+000,10.00000E-003,15.20277E+000
1,1,939,1.82487E+000,10.00000E-003,15.20888E+000
1,1,940,1.82484E+000,10.00000E-003,15.21340E+000
1,1,941,1.82484E+000,9.99999E-003,15.21780E+000
1,1,942,1.82485E+000,10.00000E-003,15.22224E+000
1,1,943,1.82484E+000,10.00001E-003,15.22664E+000
1,1,944,1.82485E+000,10.00000E-003,15.23105E+000
1,1,945,1.82483E+000,10.00000E-003,15.23549E+000
1,1,946,1.82481E+000,10.00000E-003,15.23988E+000
1,1,947,1.82481E+000,10.00000E-003,15.24431E+000
1,1,948,1.82480E+000,10.00000E-003,15.25031E+000
1,1,949,1.82480E+000,10.00000E-003,15.25474E+000
1,1,950,1.82478E+000,10.00000E-003,15.28090E+000
1,1,951,1.82480E+000,10.00000E-003,15.28639E+000
1,1,952,1.82481E+000,10.00000E-003,15.29084E+000
1,1,953,1.82478E+000,9.99999E-003,15.29523E+000
1,1,954,1.82478E+000,10.00000E-003,15.29964E+000
1,1,955,1.82478E+000,9.99999E-003,15.30404E+000
1,1,956,1.82475E+000,10.00000E-003,15.30844E+000
1,1,957,1.82477E+000,10.00000E-003,15.31288E+000
1,1,958,1.82475E+000,10.00000E-003,15.31727E+000
1,1,959,1.82475E+000,10.00000E-003,15.32170E+000
1,1,960,1.82476E+000,10.00000E-003,15.32784E+000
1,1,961,1.82475E+000,10.00000E-003,15.33395E+000
1,1,962,1.82476E+000,10.00000E-003,15.33837E+000
1,1,963,1.82476E+000,10.00000E-003,15.34279E+000
1,1,964,1.82474E+000,9.99999E-003,15.34872E+000
1,1,965,1.82471E+000,9.99999E-003,15.35315E+000
1,1,966,1.82473E+000,10.00000E-003,15.35754E+000
1,1,967,1.82473E+000,10.00000E-003,15.36198E+000
1,1,968,1.82472E+000,10.00000E-003,15.36637E+000
1,1,969,1.82470E+000,10.00000E-003,15.37079E+000
1,1,970,1.82471E+000,10.00000E-003,15.37526E+000
1,1,971,1.82471E+000,10.00000E-003,15.37965E+000
1,1,972,1.82471E+000,9.99999E-003,15.38417E+000
1,1,973,1.82472E+000,10.00000E-003,15.39036E+000
1,1,974,1.82467E+000,10.00000E-003,15.39479E+000
1,1,975,1.82468E+000,10.00000E-003,15.39921E+000
1,1,976,1.82469E+000,10.00000E-003,15.40361E+000
1,1,977,1.82470E+000,10.00000E-003,15.40989E+000
1,1,978,1.82467E+000,10.00000E-003,15.41434E+000
1,1,979,1.82466E+000,10.00001E-003,15.41874E+000
1,1,980,1.82465E+000,10.00000E-003,15.42318E+000
1,1,981,1.82468E+000,10.00000E-003,15.42758E+000
1,1,982,1.82466E+000,10.00000E-003,15.43208E+000
1,1,983,1.82467E+000,10.00000E-003,15.43648E+000
1,1,984,1.82466E+000,10.00000E-003,15.44087E+000
1,1,985,1.82466E+000,10.00000E-003,15.44530E+000
1,1,986,1.82467E+000,10.00000E-003,15.45205E+000
1,1,987,1.82466E+000,10.00000E-003,15.45649E+000
1,1,988,1.82467E+000,10.00000E-003,15.46088E+000
1,1,989,1.82468E+000,10.00000E-003,15.46533E+000
1,1,990,1.82467E+000,10.00000E-003,15.47022E+000
1,1,991,1.82467E+000,10.00000E-003,15.47535E+000
1,1,992,1.82468E+000,10.00000E-003,15.47975E+000
1,1,993,1.82467E+000,10.00000E-003,15.48416E+000
1,1,994,1.82465E+000,9.99999E-003,15.48858E+000
1,1,995,1.82466E+000,10.00000E-003,15.49298E+000
1,1,996,1.82463E+000,10.00000E-003,15.49743E+000
1,1,997,1.82462E+000,10.00000E-003,15.50182E+000
1,1,998,1.82464E+000,10.00000E-003,15.50624E+000
1,1,999,1.82468E+000,10.00000E-003,15.51077E+000
1,1,1000,1.82460E+000,10.00000E-003,15.51701E+000
1,1,1001,1.82461E+000,10.00000E-003,15.52145E+000
